iteration,source,limit,ok,status,latency_ms,returned_count,error
51,scholarship_list,2,true,200,83,,
52,scholarship_detail,3,true,200,71,,
53,scholarship_list,4,true,200,88,,
54,scholarship_detail,5,true,200,78,,
55,scholarship_list,1,true,200,84,,
56,scholarship_detail,2,true,200,78,,
57,scholarship_list,3,false,,30056,,timeout of 30000ms exceeded
58,scholarship_detail,4,true,200,149,,
59,scholarship_list,5,true,200,90,,
60,scholarship_detail,1,true,200,80,,
61,scholarship_list,2,true,200,83,,
62,scholarship_detail,3,true,200,85,,
63,scholarship_list,4,true,200,95,,
64,scholarship_detail,5,true,200,82,,
65,scholarship_list,1,true,200,88,,
66,scholarship_detail,2,true,200,85,,
67,scholarship_list,3,true,200,97,,
68,scholarship_detail,4,true,200,69,,
69,scholarship_list,5,true,200,94,,
70,scholarship_detail,1,true,200,70,,
71,scholarship_list,2,true,200,90,,
72,scholarship_detail,3,true,200,73,,
73,scholarship_list,4,true,200,96,,
74,scholarship_detail,5,true,200,88,,
75,scholarship_list,1,true,200,82,,
76,scholarship_detail,2,true,200,79,,
77,scholarship_list,3,true,200,86,,
78,scholarship_detail,4,true,200,81,,
79,scholarship_list,5,true,200,87,,
80,scholarship_detail,1,true,200,68,,
81,scholarship_list,2,true,200,87,,
82,scholarship_detail,3,true,200,72,,
83,scholarship_list,4,true,200,91,,
84,scholarship_detail,5,true,200,67,,
85,scholarship_list,1,true,200,86,,
86,scholarship_detail,2,true,200,80,,
87,scholarship_list,3,true,200,88,,
88,scholarship_detail,4,true,200,78,,
89,scholarship_list,5,true,200,93,,
90,scholarship_detail,1,true,200,116,,
91,scholarship_list,2,true,200,83,,
92,scholarship_detail,3,true,200,75,,
93,scholarship_list,4,true,200,83,,
94,scholarship_detail,5,true,200,66,,
95,scholarship_list,1,true,200,94,,
96,scholarship_detail,2,true,200,65,,
97,scholarship_list,3,true,200,97,,
98,scholarship_detail,4,true,200,71,,
99,scholarship_list,5,true,200,113,,
100,scholarship_detail,1,true,200,72,,