iteration,ok,status,latency_ms,error
1,true,404,51,
2,true,404,37,
3,true,404,37,
4,true,404,33,
5,true,404,38,
6,true,404,31,
7,true,404,31,
8,true,404,41,
9,true,404,37,
10,true,404,38,
11,true,404,36,
12,true,404,32,
13,true,404,36,
14,true,404,30,
15,true,404,29,
16,true,404,36,
17,true,404,32,
18,true,404,41,
19,true,404,41,
20,true,404,35,
21,true,404,32,
22,true,404,33,
23,true,404,31,
24,true,404,29,
25,true,404,35,
26,true,404,33,
27,true,404,30,
28,true,404,32,
29,true,404,36,
30,true,404,30,
31,true,404,31,
32,true,404,27,
33,true,404,37,
34,true,404,31,
35,true,404,49,
36,true,404,34,
37,true,404,35,
38,true,404,39,
39,true,404,30,
40,true,404,35,
41,true,404,30,
42,true,404,30,
43,true,404,32,
44,true,404,37,
45,true,404,30,
46,true,404,31,
47,true,404,30,
48,true,404,29,
49,true,404,29,
50,true,404,30,
51,true,404,31,
52,true,404,29,
53,true,404,28,
54,true,404,26,
55,true,404,32,
56,true,404,37,
57,true,404,33,
58,true,404,38,
59,true,404,30,
60,true,404,30,
61,true,404,33,
62,true,404,34,
63,true,404,29,
64,true,404,33,
65,true,404,30,
66,true,404,33,
67,true,404,36,
68,true,404,44,
69,true,404,31,
70,true,404,33,
71,true,404,31,
72,true,404,30,
73,true,404,32,
74,true,404,26,
75,true,404,38,
76,true,404,32,
77,true,404,31,
78,true,404,32,
79,true,404,31,
80,true,404,32,
81,true,404,32,
82,true,404,33,
83,true,404,30,
84,true,404,40,
85,true,404,33,
86,true,404,30,
87,true,404,33,
88,true,404,28,
89,true,404,33,
90,true,404,26,
91,true,404,39,
92,true,404,31,
93,true,404,32,
94,true,404,39,
95,true,404,29,
96,true,404,30,
97,true,404,30,
98,true,404,31,
99,true,404,38,
100,true,404,33,